Anchorage, AK
Ann Arbor - Ypsilanti, MI
Annapolis, MD
Aspen, CO
Atlanta, GA
Auburn, AL
Augusta, GA
Baltimore North, MD
Baltimore South, MD
Baltimore, MD
Bangor - Bar Harbor, ME
Baton Rouge, LA
Biloxi - Gulfport, MS
Birmingham, AL
Bloomington, IL
Boca Raton - Deerfield Beach, FL
Boise, ID
Boston Metro - South
Boston Metro-West
Boston North Shore
Boston, MA
Boulder, CO
Bourbonnais - Manteno, IL
Branson, MO
California - Lexington Park, MD
Cape Cod, MA
Cedar Rapids, IA
Central Coast, CA
Champaign, IL
Chattanooga, TN
Chicago North Shore
Chicago South
Chicago Suburbs
Chicago, IL
Chico, CA
Cincinnati, OH
Cocoa Beach - Merritt Island, FL
Collinsville, IL
Colorado Springs, CO
Columbus, GA
Danbury - Southbury, CT
Davenport, IA
Daytona Beach, FL
Delaware Beaches
Denver, CO
Des Moines, IA
Detroit Northwest, MI
Detroit Suburbs, MI
Detroit, MI
Disney South
Duluth, MN
Eagle County - Summit County
Evansville, IN
Fargo, ND
Fayetteville, AR
Flagstaff - Sedona, AZ
Flint, MI
Fort Collins, CO
Fort Lauderdale, FL
Fort Myers - Naples, FL
Fort Wayne, IN
Frederick, MD
Freeport, ME
Fresno, CA
Fulton - Gwinnett, GA
Gainesville, FL
Gaylord - Mackinaw City, MI
Globe, AZ
Grand Canyon - Williams, AZ
Grand Rapids, MI
Gulf Shores, AL
Hartford, CT
Hawaii, HI
Healdsburg, CA
Huntsville, AL
Indianapolis, IN
Inland Empire, CA
Iowa City, IA
Jackson, MS
Jacksonville, FL
Jekyll Island, GA
Joplin, MO
Kalamazoo, MI
Kansas City, MO
Kauai, HI
Lafayette, IN
Lafayette, LA
Lagrange - Pine Mountain, GA
Lake Charles, LA
Lake City - Jasper, FL
Lake Havasu, AZ
Lake Mary, FL
Lake Ozark - Osage Beach, MO
Lake Tahoe
Lansing, MI
Las Vegas, NV
Leesville, LA
Leominster - Boxborough, MA
Lexington, KY
Lincoln, NE
Little Rock, AR
Long Beach, CA
Los Angeles - Central L.A.
Los Angeles - San Fernando Valley
Los Angeles - San Gabriel Valley
Los Banos, CA
Louisville, KY
Lower Fairfield County, CT
Macon, GA
Marin County, CA
Maryland - DC Suburbs
Maryland Northeast Suburbs
Massachusetts Southeast Suburbs
Maui, HI
Melbourne, FL
Miami, FL
Milford - Foxboro, MA
Minneapolis - St. Paul, MN
Mobile, AL
Moline, IL
Molokai, HI
Monroe, LA
Monterey - Salinas, CA
Napa - Sonoma, CA
New Haven, CT
New Orleans Northshore
New Orleans, LA
Niantic - Norwich - Mystic, CT
Oahu, HI
Oakland, CA - Eastbay
Ocala, FL
Ocean City, MD
Omaha, NE
Orange County, CA
Orlando, FL
Palm Beach, FL
Palm Springs, CA
Panama City, FL
Peachtree City & Newnan, GA
Pensacola, FL
Peoria, IL
Phoenix, AZ
Port Charlotte, FL
Portland, ME
Portsmouth, NH - Kittery, ME
Prescott - Camp Verde, AZ
Providence, RI
Pueblo, CO
Rochester, MN
Sacramento, CA
Safford, AZ
Saginaw Valley, MI
Saint Augustine, FL
Salem, NH - Andover, MA
Salisbury, MD
San Diego, CA
San Francisco, CA
San Jose, CA
Santa Barbara County, CA
Sarasota, FL
Savannah, GA
Shreveport, LA
Sierra Vista - Bisbee, AZ
Sioux City, IA
South Bend, IN
Springfield, IL
Springfield, MA
Springfield, MO
St. Louis, MO
St. Petersburg - Clearwater, FL
Steamboat Springs, CO
Stockton - Modesto, CA
Tallahassee, FL
Tampa, FL
Texarkana
The Berkshires, MA
The Florida Keys
Traverse City, MI
Trumbull - Milford, CT
Tucson, AZ
Tuscaloosa, AL
Ventura County, CA
Washington D.C.
Waterloo, IA
Westborough - Marlborough, MA
Wichita, KS
Wilmington, DE
Worcester - Auburn, MA
Yellowstone Park - Bozeman, MT
Yosemite Area, CA
